transaction_id,date,customer_id,age,gender,product_category,quantity,price_per_unit,total_amount
1,19-06-2024,1102,62,Female,Beauty,1,50.59,50.59
2,03-02-2024,1435,22,Female,Electronics,3,278.92,836.76
3,26-01-2024,1860,50,Male,Home & Kitchen,3,322.61,967.83
4,24-05-2024,1270,18,Male,Electronics,5,353.38,1766.9
5,17-03-2024,1106,35,Female,Home & Kitchen,4,189.76,759.04
6,21-06-2024,1071,49,Female,Home & Kitchen,1,284.01,284.01
7,27-06-2024,1700,64,Female,Groceries,5,228.09,1140.45
8,11-06-2024,1020,66,Female,Beauty,5,337.67,1688.35
9,19-05-2024,1614,28,Male,Sports,1,293.86,293.86
10,20-04-2024,1121,38,Female,Home & Kitchen,1,265.25,265.25
11,09-06-2024,1466,43,Female,Groceries,3,128.51,385.53
12,29-04-2024,1214,42,Male,Beauty,4,6,24
13,14-03-2024,1330,39,Female,Sports,4,91.17,364.68
14,21-03-2024,1458,44,Male,Home & Kitchen,1,62.95,62.95
15,10-06-2024,1087,66,Male,Home & Kitchen,2,227.3,454.6
16,13-06-2024,1372,30,Male,Electronics,5,308.07,1540.35
17,02-04-2024,1099,50,Female,Electronics,5,110.48,552.4
18,03-03-2024,1871,51,Female,Beauty,1,469.83,469.83
19,22-03-2024,1663,58,Male,Sports,2,8.31,16.62
20,12-06-2024,1130,52,Female,Home & Kitchen,3,387.29,1161.87
21,24-01-2024,1661,18,Female,Beauty,1,314.48,314.48
22,17-04-2024,1308,38,Male,Beauty,1,189.91,189.91
23,14-01-2024,1769,65,Male,Clothing,5,29.99,149.95
24,06-03-2024,1343,23,Female,Electronics,1,315.61,315.61
25,12-01-2024,1491,45,Male,Sports,1,195.88,195.88
26,09-05-2024,1413,34,Female,Home & Kitchen,1,468.45,468.45
27,01-04-2024,1805,22,Female,Beauty,5,273.29,1366.45
28,04-02-2024,1385,48,Female,Home & Kitchen,3,470.13,1410.39
29,27-03-2024,1191,22,Female,Clothing,3,114.14,342.42
30,15-04-2024,1955,55,Male,Sports,1,364.23,364.23
31,20-03-2024,1276,20,Male,Beauty,5,310.54,1552.7
32,22-05-2024,1160,40,Male,Home & Kitchen,3,371.01,1113.03
33,06-05-2024,1459,54,Male,Electronics,3,111.26,333.78
34,27-03-2024,1313,54,Female,Clothing,3,334.17,1002.51
35,08-01-2024,1021,27,Female,Sports,5,251.53,1257.65
36,09-03-2024,1252,27,Male,Clothing,5,372.7,1863.5
37,05-06-2024,1747,36,Female,Electronics,1,166.89,166.89
38,06-06-2024,1856,34,Female,Sports,4,445.58,1782.32
39,29-05-2024,1560,38,Female,Clothing,3,46.73,140.19
40,11-02-2024,1474,31,Male,Groceries,4,404.56,1618.24
41,08-06-2024,1058,26,Male,Electronics,5,431.35,2156.75
42,16-06-2024,1510,63,Male,Electronics,5,409.54,2047.7
43,11-02-2024,1681,18,Female,Electronics,5,258.8,1294
44,01-05-2024,1475,68,Male,Groceries,4,222,888
45,29-02-2024,1699,62,Male,Groceries,5,498.15,2490.75
46,08-03-2024,1975,30,Male,Home & Kitchen,1,118.44,118.44
47,23-04-2024,1782,21,Male,Beauty,5,275.7,1378.5
48,10-06-2024,1189,18,Male,Clothing,2,336.98,673.96
49,09-02-2024,1957,66,Male,Home & Kitchen,4,351.93,1407.72
50,03-04-2024,1686,57,Female,Clothing,2,105.99,211.98
51,31-01-2024,1957,49,Female,Beauty,5,328.73,1643.65
52,14-05-2024,1562,51,Male,Groceries,1,410.09,410.09
53,22-06-2024,1875,45,Male,Beauty,3,29.76,89.28
54,04-04-2024,1566,48,Female,Groceries,5,456.2,2281
55,03-03-2024,1243,25,Female,Beauty,1,19.6,19.6
56,09-01-2024,1831,56,Male,Home & Kitchen,4,181.21,724.84
57,07-02-2024,1504,43,Male,Sports,2,12.83,25.66
58,05-02-2024,1130,51,Male,Home & Kitchen,2,43.19,86.38
59,21-06-2024,1484,20,Male,Clothing,2,456.03,912.06
60,22-02-2024,1818,67,Female,Home & Kitchen,4,180.66,722.64
61,06-01-2024,1646,29,Male,Electronics,1,215.26,215.26
62,22-03-2024,1020,18,Male,Clothing,4,111.6,446.4
63,14-05-2024,1840,61,Male,Beauty,2,300.56,601.12
64,28-04-2024,1166,22,Male,Clothing,5,299.43,1497.15
65,12-03-2024,1273,47,Female,Sports,3,189.24,567.72
66,14-05-2024,1387,47,Female,Groceries,4,169.85,679.4
67,11-02-2024,1600,34,Female,Beauty,4,443.06,1772.24
68,07-05-2024,1315,65,Male,Clothing,1,194.73,194.73
69,11-05-2024,1013,64,Male,Beauty,1,249.28,249.28
70,06-03-2024,1241,40,Female,Beauty,4,145.24,580.96
71,29-02-2024,1776,32,Male,Beauty,2,394.45,788.9
72,16-04-2024,1345,54,Male,Groceries,3,201.74,605.22
73,30-05-2024,1564,38,Female,Home & Kitchen,1,259.24,259.24
74,19-03-2024,1897,31,Female,Beauty,2,130.41,260.82
75,09-04-2024,1339,19,Female,Electronics,5,493.89,2469.45
76,25-05-2024,1091,28,Female,Sports,1,149.29,149.29
77,05-05-2024,1366,68,Male,Groceries,2,386.52,773.04
78,11-01-2024,1955,56,Male,Clothing,2,216.61,433.22
79,15-05-2024,1454,55,Female,Groceries,3,107.08,321.24
80,21-05-2024,1427,51,Male,Clothing,3,400.86,1202.58
81,10-06-2024,1508,55,Female,Groceries,5,170.14,850.7
82,10-02-2024,1775,67,Female,Clothing,2,433.27,866.54
83,04-03-2024,1942,51,Male,Beauty,2,458.05,916.1
84,03-04-2024,1034,35,Female,Home & Kitchen,3,430.61,1291.83
85,12-04-2024,1205,47,Male,Clothing,1,22.33,22.33
86,06-05-2024,1080,32,Male,Clothing,1,394.75,394.75
87,18-01-2024,1931,44,Male,Electronics,4,208.61,834.44
88,04-06-2024,1561,68,Male,Clothing,3,437.49,1312.47
89,29-01-2024,1871,51,Female,Electronics,4,320.79,1283.16
90,01-01-2024,1387,69,Male,Sports,3,417.65,1252.95
91,14-03-2024,1001,55,Female,Beauty,5,252.22,1261.1
92,12-06-2024,1389,50,Female,Electronics,2,269.84,539.68
93,01-02-2024,1565,41,Female,Home & Kitchen,5,76.47,382.35
94,06-01-2024,1105,32,Female,Beauty,3,393.07,1179.21
95,27-06-2024,1771,47,Male,Electronics,2,212.6,425.2
96,24-05-2024,1821,59,Male,Beauty,1,252.54,252.54
97,12-06-2024,1476,68,Female,Beauty,1,393.62,393.62
98,14-06-2024,1702,34,Female,Beauty,4,301.43,1205.72
99,04-01-2024,1401,22,Male,Sports,3,104.54,313.62
100,10-02-2024,1729,46,Female,Home & Kitchen,3,297.17,891.51
101,29-06-2024,1555,21,Male,Groceries,1,206.78,206.78
102,27-04-2024,1161,27,Female,Groceries,5,237.42,1187.1
103,16-02-2024,1201,34,Male,Electronics,2,19.01,38.02
104,21-05-2024,1957,27,Female,Beauty,5,108.96,544.8
105,14-05-2024,1995,34,Female,Electronics,5,144.11,720.55
106,18-06-2024,1269,37,Male,Sports,1,357.92,357.92
107,07-05-2024,1862,41,Female,Sports,1,10.69,10.69
108,03-05-2024,1815,22,Female,Clothing,1,207.34,207.34
109,28-04-2024,1270,51,Male,Sports,4,462.39,1849.56
110,06-04-2024,1455,23,Female,Clothing,5,60.38,301.9
111,02-03-2024,1461,19,Male,Home & Kitchen,3,260.63,781.89
112,26-06-2024,1726,30,Male,Electronics,2,394.33,788.66
113,19-04-2024,1251,60,Female,Home & Kitchen,4,471.55,1886.2
114,12-01-2024,1701,60,Female,Sports,3,374.65,1123.95
115,30-05-2024,1295,65,Female,Home & Kitchen,5,361.68,1808.4
116,30-01-2024,1724,28,Female,Home & Kitchen,1,414.11,414.11
117,27-05-2024,1719,68,Female,Home & Kitchen,5,225.87,1129.35
118,05-05-2024,1748,64,Female,Sports,2,403.89,807.78
119,15-02-2024,1337,40,Female,Beauty,4,8.94,35.76
120,12-05-2024,1878,33,Male,Home & Kitchen,4,462.66,1850.64
121,29-01-2024,1052,48,Female,Clothing,2,224.44,448.88
122,13-04-2024,1791,28,Male,Sports,3,278.92,836.76
123,04-05-2024,1921,33,Female,Home & Kitchen,3,131.17,393.51
124,02-04-2024,1216,25,Female,Beauty,4,372.55,1490.2
125,18-06-2024,1763,21,Male,Sports,4,42.93,171.72
126,25-03-2024,1187,57,Female,Groceries,1,436.95,436.95
127,25-06-2024,1379,21,Female,Beauty,3,414.92,1244.76
128,22-04-2024,1492,42,Male,Clothing,2,111.95,223.9
129,23-04-2024,1040,20,Female,Home & Kitchen,3,405.62,1216.86
130,16-04-2024,1156,49,Female,Groceries,1,394.25,394.25
131,17-02-2024,1014,20,Female,Groceries,4,317.95,1271.8
132,29-03-2024,1812,44,Male,Sports,4,189.89,759.56
133,03-05-2024,1064,46,Female,Groceries,1,139.39,139.39
134,24-04-2024,1856,49,Female,Clothing,2,119.73,239.46
135,07-03-2024,1838,67,Female,Clothing,4,162.71,650.84
136,17-04-2024,1520,68,Female,Electronics,5,452.26,2261.3
137,26-01-2024,1343,36,Male,Clothing,4,43.43,173.72
138,01-03-2024,1128,38,Male,Beauty,5,415.29,2076.45
139,21-03-2024,1647,22,Female,Groceries,1,177.7,177.7
140,18-05-2024,1471,35,Female,Clothing,1,263.19,263.19
141,13-02-2024,1062,45,Male,Sports,4,398.27,1593.08
142,11-06-2024,1138,59,Male,Electronics,3,442.77,1328.31
143,11-04-2024,1498,39,Female,Groceries,5,175.67,878.35
144,13-06-2024,1592,38,Male,Electronics,2,233.61,467.22
145,15-06-2024,1391,23,Female,Groceries,4,210.19,840.76
146,06-05-2024,1674,18,Male,Sports,2,11.56,23.12
147,08-06-2024,1418,22,Male,Electronics,4,151.49,605.96
148,10-05-2024,1288,58,Male,Home & Kitchen,3,232.3,696.9
149,05-01-2024,1378,29,Male,Beauty,3,208.49,625.47
150,03-02-2024,1772,43,Female,Beauty,3,362.35,1087.05
151,20-04-2024,1489,63,Male,Groceries,3,195.48,586.44
152,24-04-2024,1230,51,Male,Home & Kitchen,1,247.24,247.24
153,23-06-2024,1040,66,Female,Electronics,1,217.66,217.66
154,25-03-2024,1027,31,Male,Home & Kitchen,5,371.61,1858.05
155,21-04-2024,1134,43,Male,Home & Kitchen,2,432.17,864.34
156,14-01-2024,1200,62,Female,Electronics,4,268.29,1073.16
157,05-06-2024,1839,44,Male,Sports,4,395.77,1583.08
158,16-06-2024,1779,26,Female,Home & Kitchen,1,151.91,151.91
159,10-01-2024,1929,43,Female,Home & Kitchen,4,272.98,1091.92
160,01-02-2024,1032,64,Female,Sports,1,175.89,175.89
161,08-02-2024,1047,39,Female,Home & Kitchen,5,210.03,1050.15
162,17-04-2024,1502,64,Male,Home & Kitchen,2,367.54,735.08
163,05-02-2024,1406,47,Female,Home & Kitchen,5,441.42,2207.1
164,05-06-2024,1573,60,Male,Beauty,3,65.14,195.42
165,03-05-2024,1727,65,Male,Clothing,3,319.15,957.45
166,03-06-2024,1804,34,Male,Sports,3,293.16,879.48
167,14-04-2024,1098,43,Male,Home & Kitchen,5,63.62,318.1
168,28-01-2024,1683,53,Male,Beauty,4,109.89,439.56
169,19-04-2024,1871,18,Male,Sports,2,158.95,317.9
170,21-03-2024,1725,25,Male,Groceries,3,87.63,262.89
171,24-03-2024,1986,66,Male,Groceries,3,125.65,376.95
172,10-01-2024,1546,52,Male,Home & Kitchen,3,137.46,412.38
173,25-05-2024,1960,69,Male,Beauty,2,171.16,342.32
174,28-03-2024,1738,32,Female,Beauty,3,375.95,1127.85
175,14-02-2024,1612,64,Female,Sports,2,288.1,576.2
176,22-04-2024,1942,39,Female,Sports,3,493.19,1479.57
177,28-04-2024,1461,31,Male,Beauty,5,210.29,1051.45
178,27-01-2024,1642,43,Female,Sports,5,378.16,1890.8
179,19-02-2024,1768,45,Female,Beauty,2,436.38,872.76
180,20-05-2024,1004,40,Female,Clothing,5,341.09,1705.45
181,03-03-2024,1217,31,Male,Beauty,2,208.87,417.74
182,25-03-2024,1502,41,Male,Groceries,5,378.03,1890.15
183,16-04-2024,1766,19,Male,Sports,5,105.82,529.1
184,10-06-2024,1397,62,Male,Beauty,2,167.14,334.28
185,07-04-2024,1870,43,Female,Beauty,4,275.61,1102.44
186,28-06-2024,1794,31,Female,Sports,5,289.83,1449.15
187,02-06-2024,1392,68,Female,Clothing,3,15.96,47.88
188,28-06-2024,1206,24,Female,Clothing,4,472.83,1891.32
189,04-06-2024,1014,20,Male,Sports,2,349.83,699.66
190,28-04-2024,1857,64,Male,Electronics,4,250.37,1001.48
191,25-01-2024,1553,40,Male,Sports,1,466.9,466.9
192,03-05-2024,1891,63,Female,Sports,1,222.35,222.35
193,02-04-2024,1460,60,Male,Clothing,5,490.32,2451.6
194,16-05-2024,1690,64,Male,Clothing,5,258.58,1292.9
195,31-05-2024,1574,62,Female,Sports,3,61.57,184.71
196,15-06-2024,1863,35,Female,Sports,4,383.58,1534.32
197,18-05-2024,1742,55,Male,Sports,1,341.05,341.05
198,19-06-2024,1240,52,Male,Clothing,5,387.63,1938.15
199,20-01-2024,1563,68,Male,Sports,4,475.96,1903.84
200,29-05-2024,1095,32,Male,Sports,5,389.36,1946.8
201,21-05-2024,1899,42,Male,Home & Kitchen,5,307.61,1538.05
202,03-04-2024,1733,54,Male,Electronics,1,429.37,429.37
203,14-04-2024,1484,45,Female,Groceries,1,338.26,338.26
204,15-05-2024,1406,27,Female,Electronics,5,207.02,1035.1
205,23-03-2024,1230,56,Female,Home & Kitchen,2,443.38,886.76
206,06-03-2024,1748,34,Male,Groceries,5,114.84,574.2
207,17-01-2024,1654,56,Female,Sports,5,358.75,1793.75
208,10-01-2024,1170,39,Male,Home & Kitchen,3,441.37,1324.11
209,31-03-2024,1540,43,Male,Sports,3,367,1101
210,25-01-2024,1035,61,Female,Clothing,3,350.15,1050.45
211,02-02-2024,1524,42,Male,Beauty,2,377.56,755.12
212,21-01-2024,1159,34,Male,Home & Kitchen,2,235.2,470.4
213,03-03-2024,1838,30,Female,Clothing,5,437.71,2188.55
214,25-04-2024,1698,37,Female,Home & Kitchen,3,105.7,317.1
215,05-03-2024,1242,42,Female,Home & Kitchen,2,68.06,136.12
216,17-02-2024,1085,21,Male,Clothing,1,146.33,146.33
217,26-01-2024,1795,27,Female,Groceries,5,268.13,1340.65
218,03-01-2024,1577,20,Female,Electronics,4,257.73,1030.92
219,12-04-2024,1681,58,Male,Sports,5,411.2,2056
220,18-05-2024,1556,62,Female,Home & Kitchen,4,205.26,821.04
221,15-04-2024,1573,35,Female,Sports,3,244.75,734.25
222,13-02-2024,1952,64,Female,Beauty,4,11.62,46.48
223,08-01-2024,1645,53,Male,Clothing,3,207.82,623.46
224,24-01-2024,1795,64,Male,Sports,1,325.65,325.65
225,27-03-2024,1027,39,Male,Clothing,4,12.68,50.72
226,09-05-2024,1619,51,Male,Sports,5,144.04,720.2
227,27-04-2024,1555,64,Female,Electronics,3,107.94,323.82
228,09-02-2024,1339,25,Male,Electronics,5,25.78,128.9
229,16-01-2024,1797,57,Male,Electronics,2,242.23,484.46
230,19-05-2024,1957,66,Female,Electronics,3,94.95,284.85
231,24-01-2024,1330,61,Female,Electronics,4,372.83,1491.32
232,17-02-2024,1639,36,Female,Electronics,3,424.72,1274.16
233,17-05-2024,1505,59,Male,Clothing,5,275.06,1375.3
234,06-05-2024,1347,58,Male,Home & Kitchen,1,490.95,490.95
235,05-05-2024,1472,54,Male,Sports,3,227.99,683.97
236,27-01-2024,1230,23,Female,Electronics,4,259.12,1036.48
237,21-01-2024,1189,69,Female,Clothing,2,494.66,989.32
238,24-06-2024,1224,43,Male,Clothing,1,119.62,119.62
239,18-02-2024,1384,51,Female,Clothing,2,471.56,943.12
240,28-02-2024,1376,62,Female,Home & Kitchen,3,26.2,78.6
241,07-03-2024,1282,23,Female,Sports,5,225.96,1129.8
242,10-01-2024,1957,54,Male,Home & Kitchen,5,39.65,198.25
243,06-05-2024,1632,50,Female,Groceries,4,365.97,1463.88
244,09-05-2024,1627,39,Female,Clothing,5,306.16,1530.8
245,27-04-2024,1972,38,Male,Groceries,1,354.78,354.78
246,18-04-2024,1744,23,Male,Beauty,5,190.37,951.85
247,18-03-2024,1258,23,Female,Electronics,4,187.89,751.56
248,09-03-2024,1358,65,Female,Electronics,3,27.43,82.29
249,04-05-2024,1709,21,Male,Home & Kitchen,3,178.22,534.66
250,22-01-2024,1455,47,Male,Sports,5,465,2325
251,23-03-2024,1410,28,Female,Groceries,2,192.72,385.44
252,29-01-2024,1648,47,Female,Sports,3,416.53,1249.59
253,05-01-2024,1317,48,Female,Home & Kitchen,5,421.95,2109.75
254,19-01-2024,1676,41,Female,Electronics,4,189.75,759
255,25-01-2024,1224,26,Male,Sports,5,317.83,1589.15
256,05-01-2024,1818,20,Female,Sports,3,52.21,156.63
257,25-05-2024,1233,68,Female,Electronics,4,56.32,225.28
258,22-05-2024,1683,48,Male,Groceries,5,29.09,145.45
259,22-04-2024,1663,57,Female,Electronics,1,292.6,292.6
260,28-01-2024,1974,54,Male,Sports,4,215.91,863.64
261,08-01-2024,1826,53,Female,Groceries,1,276.28,276.28
262,17-06-2024,1373,41,Female,Groceries,2,262.93,525.86
263,17-01-2024,1671,48,Male,Electronics,4,178.35,713.4
264,24-01-2024,1607,23,Male,Sports,1,340.35,340.35
265,29-02-2024,1471,19,Female,Home & Kitchen,3,380.46,1141.38
266,19-05-2024,1232,37,Female,Sports,3,12.24,36.72
267,06-05-2024,1691,45,Female,Clothing,2,107.58,215.16
268,16-05-2024,1112,28,Male,Beauty,4,358.05,1432.2
269,08-03-2024,1829,21,Female,Home & Kitchen,4,196.38,785.52
270,18-02-2024,1496,32,Male,Groceries,4,332.93,1331.72
271,15-03-2024,1441,23,Male,Home & Kitchen,2,176.75,353.5
272,22-01-2024,1563,66,Female,Groceries,4,198.42,793.68
273,28-04-2024,1267,47,Male,Groceries,3,83.55,250.65
274,19-01-2024,1509,55,Female,Home & Kitchen,1,132.82,132.82
275,03-05-2024,1806,68,Female,Groceries,3,304.68,914.04
276,12-06-2024,1385,19,Female,Groceries,3,219.42,658.26
277,12-04-2024,1386,32,Female,Clothing,1,388.28,388.28
278,26-01-2024,1112,28,Female,Sports,3,427.03,1281.09
279,25-02-2024,1612,25,Male,Sports,2,273.11,546.22
280,20-06-2024,1624,43,Male,Beauty,1,380.34,380.34
281,14-03-2024,1951,68,Female,Beauty,3,156.92,470.76
282,01-05-2024,1080,62,Female,Clothing,5,210.41,1052.05
283,30-04-2024,1698,61,Male,Beauty,3,357.82,1073.46
284,16-02-2024,1112,22,Male,Home & Kitchen,2,196.17,392.34
285,09-06-2024,1001,23,Male,Electronics,4,296.31,1185.24
286,10-04-2024,1641,43,Male,Electronics,3,96.76,290.28
287,28-02-2024,1219,21,Female,Electronics,4,301.89,1207.56
288,10-03-2024,1565,36,Female,Clothing,5,431.45,2157.25
289,15-02-2024,1854,37,Male,Clothing,3,434.98,1304.94
290,23-02-2024,1996,50,Female,Groceries,1,363.55,363.55
291,13-04-2024,1735,37,Male,Electronics,4,374.15,1496.6
292,16-01-2024,1224,66,Female,Home & Kitchen,5,281.17,1405.85
293,03-05-2024,1384,29,Male,Beauty,1,294.41,294.41
294,01-04-2024,1402,64,Female,Home & Kitchen,1,71.16,71.16
295,14-02-2024,1637,18,Male,Beauty,1,224.71,224.71
296,04-04-2024,1129,43,Male,Electronics,1,228.13,228.13
297,28-06-2024,1052,31,Female,Electronics,3,479.46,1438.38
298,07-02-2024,1683,55,Male,Electronics,3,218.39,655.17
299,07-06-2024,1729,54,Female,Clothing,3,276.92,830.76
300,11-03-2024,1671,28,Female,Beauty,5,268.96,1344.8
301,05-03-2024,1709,53,Male,Clothing,5,320.2,1601
302,31-03-2024,1415,30,Female,Clothing,5,375.38,1876.9
303,21-06-2024,1246,60,Female,Sports,2,116.4,232.8
304,18-03-2024,1835,20,Female,Home & Kitchen,5,266.72,1333.6
305,21-03-2024,1438,50,Female,Home & Kitchen,3,413.83,1241.49
306,30-03-2024,1202,23,Female,Groceries,3,234.24,702.72
307,20-06-2024,1183,67,Male,Clothing,2,142.84,285.68
308,14-01-2024,1122,27,Female,Beauty,2,329.08,658.16
309,17-06-2024,1400,22,Female,Sports,5,412.76,2063.8
310,31-03-2024,1766,40,Female,Sports,4,36.25,145
311,21-04-2024,1293,27,Female,Home & Kitchen,2,389.51,779.02
312,12-03-2024,1279,61,Female,Clothing,1,411.72,411.72
313,02-06-2024,1836,19,Male,Groceries,3,233.45,700.35
314,08-05-2024,1883,30,Female,Clothing,1,491.74,491.74
315,25-02-2024,1609,57,Male,Electronics,3,394.42,1183.26
316,08-03-2024,1197,19,Male,Clothing,3,387.96,1163.88
317,20-01-2024,1981,37,Male,Electronics,2,375.18,750.36
318,09-03-2024,1906,18,Male,Electronics,2,79.55,159.1
319,15-04-2024,1510,54,Female,Groceries,1,112.53,112.53
320,26-05-2024,1751,26,Male,Beauty,3,234.68,704.04
321,28-01-2024,1143,34,Male,Home & Kitchen,1,135.68,135.68
322,25-01-2024,1608,26,Female,Clothing,4,210.54,842.16
323,28-03-2024,1200,28,Female,Electronics,1,444.79,444.79
324,09-03-2024,1123,32,Female,Clothing,5,413.04,2065.2
325,19-03-2024,1186,41,Male,Beauty,1,316.87,316.87
326,14-03-2024,1325,55,Female,Home & Kitchen,5,429.77,2148.85
327,18-04-2024,1463,52,Female,Beauty,5,392.97,1964.85
328,14-04-2024,1348,47,Male,Home & Kitchen,5,217.35,1086.75
329,13-04-2024,1770,48,Female,Sports,4,104.53,418.12
330,15-02-2024,1659,66,Female,Home & Kitchen,1,259.53,259.53
331,19-04-2024,1763,22,Female,Groceries,1,369.43,369.43
332,20-04-2024,1954,61,Female,Beauty,4,221.03,884.12
333,15-01-2024,1931,67,Male,Electronics,3,335.05,1005.15
334,26-05-2024,1402,31,Female,Sports,2,51.69,103.38
335,22-02-2024,1345,28,Female,Groceries,1,375.26,375.26
336,09-03-2024,1962,26,Male,Clothing,2,407.29,814.58
337,20-03-2024,1510,51,Female,Beauty,4,354.88,1419.52
338,27-03-2024,1146,29,Male,Electronics,3,483.8,1451.4
339,29-01-2024,1147,52,Female,Home & Kitchen,3,414.19,1242.57
340,16-01-2024,1863,52,Male,Electronics,3,452.03,1356.09
341,30-05-2024,1710,18,Male,Clothing,4,467.12,1868.48
342,26-04-2024,1819,57,Male,Sports,5,401.67,2008.35
343,07-06-2024,1488,39,Male,Sports,5,338.76,1693.8
344,29-06-2024,1928,46,Female,Beauty,2,7.83,15.66
345,03-01-2024,1935,25,Male,Sports,5,235.58,1177.9
346,18-06-2024,1639,28,Female,Beauty,5,287.73,1438.65
347,06-06-2024,1550,58,Male,Beauty,3,155.49,466.47
348,26-06-2024,1337,54,Male,Beauty,3,162.46,487.38
349,19-03-2024,1871,31,Male,Home & Kitchen,2,480.77,961.54
350,16-06-2024,1640,47,Female,Groceries,1,446.4,446.4
351,23-06-2024,1778,52,Male,Beauty,2,425.34,850.68
352,25-04-2024,1987,38,Female,Beauty,2,205.98,411.96
353,14-05-2024,1952,54,Female,Groceries,4,11.78,47.12
354,03-04-2024,1472,22,Female,Electronics,4,44.71,178.84
355,23-01-2024,1945,36,Female,Beauty,2,159.54,319.08
356,27-01-2024,1150,31,Female,Home & Kitchen,2,12.79,25.58
357,06-05-2024,1414,43,Female,Sports,2,13.49,26.98
358,04-04-2024,1989,21,Female,Sports,5,458.72,2293.6
359,05-05-2024,1297,42,Female,Clothing,4,354.55,1418.2
360,01-03-2024,1610,62,Female,Clothing,2,157.93,315.86
361,12-06-2024,1262,59,Male,Sports,3,70.66,211.98
362,13-02-2024,1763,42,Male,Sports,3,258.26,774.78
363,09-02-2024,1143,35,Male,Home & Kitchen,5,7.65,38.25
364,23-03-2024,1345,57,Male,Groceries,5,469.51,2347.55
365,12-03-2024,1623,25,Male,Clothing,1,210.33,210.33
366,07-03-2024,1571,56,Female,Groceries,1,204.16,204.16
367,28-05-2024,1880,57,Female,Home & Kitchen,1,198.34,198.34
368,14-05-2024,1001,31,Female,Sports,5,39.32,196.6
369,18-02-2024,1896,49,Female,Beauty,5,320.97,1604.85
370,28-05-2024,1303,68,Female,Groceries,5,367.84,1839.2
371,20-05-2024,1253,55,Female,Sports,3,339.68,1019.04
372,03-04-2024,1651,50,Female,Sports,5,73.53,367.65
373,07-06-2024,1452,40,Male,Electronics,3,291.53,874.59
374,05-03-2024,1036,32,Male,Groceries,1,286.89,286.89
375,29-03-2024,1159,50,Male,Beauty,1,434.86,434.86
376,02-04-2024,1008,42,Male,Groceries,1,192.67,192.67
377,16-05-2024,1232,34,Female,Sports,2,188.89,377.78
378,17-02-2024,1098,50,Female,Beauty,2,311.17,622.34
379,20-01-2024,1658,64,Female,Home & Kitchen,4,318.37,1273.48
380,16-02-2024,1815,19,Male,Electronics,4,237.3,949.2
381,21-01-2024,1207,31,Female,Sports,4,224.31,897.24
382,06-03-2024,1130,57,Female,Clothing,2,249.6,499.2
383,17-03-2024,1403,57,Female,Clothing,2,431.22,862.44
384,19-06-2024,1151,68,Male,Electronics,4,233.28,933.12
385,16-02-2024,1053,56,Female,Home & Kitchen,4,470.27,1881.08
386,26-04-2024,1119,68,Male,Sports,5,254.48,1272.4
387,06-01-2024,1672,23,Male,Groceries,4,474.85,1899.4
388,19-06-2024,1919,23,Male,Electronics,5,417.25,2086.25
389,27-02-2024,1627,20,Male,Home & Kitchen,3,184.4,553.2
390,26-04-2024,1586,24,Female,Groceries,2,432.5,865
391,23-02-2024,1624,68,Male,Clothing,4,59.48,237.92
392,26-01-2024,1967,25,Male,Clothing,2,462.9,925.8
393,07-01-2024,1419,59,Female,Groceries,2,317.66,635.32
394,13-03-2024,1421,69,Female,Electronics,2,31.92,63.84
395,05-06-2024,1103,32,Male,Clothing,3,323.91,971.73
396,18-06-2024,1851,64,Female,Sports,1,487.25,487.25
397,08-05-2024,1253,46,Male,Beauty,4,39.55,158.2
398,24-05-2024,1226,50,Male,Groceries,1,279.57,279.57
399,03-05-2024,1111,69,Male,Groceries,1,375.16,375.16
400,18-01-2024,1509,47,Male,Clothing,1,406.08,406.08
401,29-03-2024,1472,56,Female,Electronics,2,209.84,419.68
402,21-03-2024,1098,44,Male,Sports,5,106.06,530.3
403,13-04-2024,1152,53,Female,Electronics,2,25.96,51.92
404,03-04-2024,1860,46,Female,Home & Kitchen,2,291.96,583.92
405,16-06-2024,1913,55,Female,Home & Kitchen,1,229.19,229.19
406,07-02-2024,1895,50,Female,Beauty,2,474.63,949.26
407,22-02-2024,1877,54,Male,Clothing,1,35,35
408,26-03-2024,1337,44,Female,Clothing,5,344.27,1721.35
409,27-05-2024,1705,50,Male,Clothing,4,17.36,69.44
410,22-01-2024,1821,21,Female,Beauty,1,89.86,89.86
411,07-01-2024,1162,39,Female,Home & Kitchen,5,229.52,1147.6
412,03-04-2024,1719,19,Male,Electronics,4,230.16,920.64
413,05-06-2024,1956,27,Male,Beauty,3,344.42,1033.26
414,29-02-2024,1680,22,Male,Beauty,1,455.56,455.56
415,10-04-2024,1995,27,Female,Electronics,1,321.32,321.32
416,02-04-2024,1160,50,Female,Clothing,3,477,1431
417,28-01-2024,1579,55,Male,Sports,3,441.4,1324.2
418,10-03-2024,1800,30,Male,Electronics,1,294.33,294.33
419,18-03-2024,1397,48,Male,Home & Kitchen,3,417.73,1253.19
420,30-05-2024,1276,64,Male,Groceries,2,323.08,646.16
421,27-05-2024,1815,53,Female,Groceries,4,43.89,175.56
422,19-04-2024,1915,62,Male,Beauty,4,371.58,1486.32
423,03-04-2024,1503,41,Male,Groceries,4,51.98,207.92
424,22-05-2024,1895,69,Male,Sports,2,299.07,598.14
425,05-04-2024,1391,32,Male,Clothing,3,352.81,1058.43
426,25-03-2024,1134,46,Female,Home & Kitchen,5,37.93,189.65
427,28-01-2024,1194,25,Male,Sports,3,119.24,357.72
428,28-01-2024,1400,22,Female,Home & Kitchen,1,458.26,458.26
429,21-06-2024,1639,46,Male,Home & Kitchen,4,310.08,1240.32
430,09-02-2024,1032,64,Male,Clothing,3,126.91,380.73
431,29-02-2024,1687,21,Female,Beauty,5,346.89,1734.45
432,02-01-2024,1459,29,Male,Groceries,1,300.4,300.4
433,10-05-2024,1954,62,Female,Clothing,2,253.28,506.56
434,31-05-2024,1882,19,Female,Sports,2,488.21,976.42
435,17-02-2024,1469,44,Male,Beauty,5,343.31,1716.55
436,03-02-2024,1374,48,Female,Sports,1,190.84,190.84
437,19-04-2024,1021,68,Female,Beauty,4,401.04,1604.16
438,26-06-2024,1749,68,Female,Sports,3,442.87,1328.61
439,12-05-2024,1669,53,Female,Clothing,1,66.98,66.98
440,26-05-2024,1037,53,Female,Beauty,2,104.27,208.54
441,12-04-2024,1229,43,Female,Beauty,5,112.03,560.15
442,01-02-2024,1364,60,Female,Home & Kitchen,5,347.15,1735.75
443,15-03-2024,1562,44,Female,Home & Kitchen,3,303.5,910.5
444,23-01-2024,1437,22,Male,Electronics,5,311.4,1557
445,10-06-2024,1775,37,Male,Sports,5,470.68,2353.4
446,24-05-2024,1282,28,Female,Home & Kitchen,1,389.08,389.08
447,26-01-2024,1026,27,Male,Electronics,4,68.33,273.32
448,09-01-2024,1225,57,Female,Home & Kitchen,3,177.02,531.06
449,20-01-2024,1276,55,Female,Sports,1,220.52,220.52
450,07-04-2024,1797,23,Male,Beauty,4,201,804
451,09-05-2024,1608,25,Female,Groceries,1,336.31,336.31
452,25-06-2024,1283,40,Female,Sports,1,446.49,446.49
453,07-05-2024,1878,64,Female,Clothing,5,156.5,782.5
454,14-03-2024,1959,43,Female,Home & Kitchen,4,278.18,1112.72
455,05-03-2024,1480,63,Male,Home & Kitchen,3,395.76,1187.28
456,21-01-2024,1452,60,Female,Beauty,3,211.03,633.09
457,05-05-2024,1828,29,Female,Clothing,4,88.22,352.88
458,20-03-2024,1815,43,Female,Beauty,5,240.1,1200.5
459,23-05-2024,1658,30,Male,Clothing,2,32.34,64.68
460,05-05-2024,1515,57,Female,Groceries,1,471.48,471.48
461,28-01-2024,1546,35,Male,Home & Kitchen,5,42.04,210.2
462,09-01-2024,1191,42,Male,Home & Kitchen,4,222.04,888.16
463,22-02-2024,1048,50,Female,Groceries,1,267.29,267.29
464,23-06-2024,1511,64,Female,Electronics,3,492.73,1478.19
465,25-04-2024,1016,57,Male,Beauty,2,87.18,174.36
466,10-06-2024,1171,60,Female,Groceries,3,61.64,184.92
467,29-05-2024,1219,29,Male,Beauty,4,9.31,37.24
468,15-03-2024,1157,61,Male,Sports,1,82.01,82.01
469,15-04-2024,1476,53,Female,Home & Kitchen,4,107.6,430.4
470,03-01-2024,1045,65,Female,Beauty,1,317.14,317.14
471,15-01-2024,1372,21,Male,Clothing,5,113.75,568.75
472,23-03-2024,1517,22,Male,Beauty,2,15.16,30.32
473,20-05-2024,1098,54,Male,Sports,5,414.18,2070.9
474,14-04-2024,1891,25,Male,Home & Kitchen,5,185.97,929.85
475,25-02-2024,1744,59,Female,Groceries,4,180.08,720.32
476,25-06-2024,1036,66,Female,Sports,2,154.73,309.46
477,11-03-2024,1279,45,Female,Home & Kitchen,1,487.81,487.81
478,25-02-2024,1348,48,Female,Beauty,1,89.21,89.21
479,16-03-2024,1496,26,Female,Electronics,3,449.63,1348.89
480,08-06-2024,1301,68,Male,Electronics,1,389.52,389.52
481,14-04-2024,1180,46,Female,Clothing,4,42.86,171.44
482,18-03-2024,1606,31,Female,Home & Kitchen,5,493.43,2467.15
483,24-01-2024,1098,57,Female,Electronics,5,139.33,696.65
484,17-02-2024,1699,58,Female,Groceries,5,53.8,269
485,27-06-2024,1992,39,Female,Home & Kitchen,2,415.51,831.02
486,20-04-2024,1115,28,Male,Groceries,1,354.8,354.8
487,28-06-2024,1190,40,Male,Groceries,4,310.52,1242.08
488,28-01-2024,1252,18,Male,Electronics,2,82.21,164.42
489,28-05-2024,1980,63,Female,Home & Kitchen,3,241.86,725.58
490,22-05-2024,1927,54,Male,Beauty,4,391.38,1565.52
491,08-05-2024,1982,38,Male,Sports,4,155.29,621.16
492,14-06-2024,1160,43,Female,Electronics,4,159.29,637.16
493,18-02-2024,1255,63,Female,Electronics,5,6.55,32.75
494,15-04-2024,1322,53,Female,Beauty,4,91.25,365
495,24-04-2024,1127,40,Male,Home & Kitchen,1,438.33,438.33
496,11-01-2024,1017,18,Male,Home & Kitchen,4,223.66,894.64
497,28-05-2024,1792,68,Female,Groceries,5,492.2,2461
498,23-05-2024,1734,57,Female,Beauty,4,200.88,803.52
499,01-06-2024,1565,32,Male,Beauty,3,359.02,1077.06
500,06-04-2024,1569,38,Male,Home & Kitchen,3,144.55,433.65
501,30-05-2024,1322,64,Female,Groceries,5,185.09,925.45
502,01-02-2024,1871,26,Female,Electronics,1,99.41,99.41
503,06-05-2024,1685,26,Male,Clothing,1,176.8,176.8
504,23-03-2024,1791,27,Female,Sports,2,275.88,551.76
505,09-03-2024,1625,69,Male,Electronics,5,495.93,2479.65
506,11-01-2024,1287,43,Male,Home & Kitchen,4,333.78,1335.12
507,18-06-2024,1942,58,Male,Sports,5,103.63,518.15
508,12-03-2024,1853,52,Male,Clothing,2,27.26,54.52
509,03-03-2024,1662,69,Female,Clothing,5,67.55,337.75
510,22-03-2024,1961,42,Female,Groceries,5,283.46,1417.3
511,26-06-2024,1638,43,Male,Sports,2,383.75,767.5
512,30-03-2024,1154,28,Male,Groceries,1,470.51,470.51
513,20-01-2024,1489,55,Male,Electronics,4,12.83,51.32
514,07-05-2024,1385,19,Male,Beauty,2,263.77,527.54
515,15-04-2024,1985,24,Male,Beauty,3,238.08,714.24
516,06-03-2024,1784,35,Female,Beauty,1,329.75,329.75
517,25-01-2024,1103,44,Female,Sports,3,281.99,845.97
518,10-04-2024,1928,51,Female,Beauty,1,345.08,345.08
519,22-02-2024,1392,44,Female,Electronics,4,330.75,1323
520,18-05-2024,1810,34,Male,Groceries,4,62.92,251.68
521,24-06-2024,1245,60,Male,Sports,5,400.86,2004.3
522,18-06-2024,1175,61,Male,Groceries,3,66,198
523,14-05-2024,1038,68,Male,Sports,1,350.77,350.77
524,26-04-2024,1476,41,Male,Groceries,4,210.99,843.96
525,30-05-2024,1681,42,Female,Clothing,2,259.36,518.72
526,20-05-2024,1758,24,Male,Groceries,4,452.13,1808.52
527,10-03-2024,1537,69,Female,Beauty,2,445.49,890.98
528,24-01-2024,1866,23,Female,Clothing,1,409.84,409.84
529,05-04-2024,1817,41,Female,Groceries,4,257.52,1030.08
530,02-02-2024,1920,50,Female,Sports,4,369.44,1477.76
531,12-02-2024,1407,66,Male,Sports,1,258.88,258.88
532,08-04-2024,1524,46,Female,Sports,4,435.46,1741.84
533,13-04-2024,1827,60,Female,Home & Kitchen,2,204.37,408.74
534,11-02-2024,1505,39,Female,Electronics,4,485.27,1941.08
535,25-01-2024,1902,43,Male,Sports,3,466.5,1399.5
536,31-05-2024,1824,45,Male,Clothing,5,372.09,1860.45
537,18-04-2024,1035,67,Male,Sports,2,143.31,286.62
538,08-04-2024,1684,38,Female,Home & Kitchen,3,70.17,210.51
539,04-03-2024,1019,66,Female,Beauty,1,428.08,428.08
540,03-06-2024,1320,24,Male,Clothing,2,86.82,173.64
541,11-02-2024,1775,34,Female,Home & Kitchen,5,427.86,2139.3
542,27-01-2024,1511,37,Male,Beauty,5,247.93,1239.65
543,18-01-2024,1399,58,Male,Clothing,1,206.25,206.25
544,25-03-2024,1653,66,Female,Groceries,1,452.08,452.08
545,25-05-2024,1971,37,Female,Electronics,2,303.91,607.82
546,19-06-2024,1882,39,Female,Electronics,4,290.42,1161.68
547,21-01-2024,1470,45,Female,Home & Kitchen,1,281.59,281.59
548,15-04-2024,1142,57,Male,Beauty,4,188.73,754.92
549,11-06-2024,1091,66,Male,Electronics,3,393.89,1181.67
550,26-05-2024,1353,24,Male,Beauty,5,130.14,650.7
551,30-04-2024,1833,18,Male,Beauty,4,469.75,1879
552,24-03-2024,1799,49,Male,Home & Kitchen,5,447.52,2237.6
553,16-05-2024,1726,30,Female,Home & Kitchen,4,172.05,688.2
554,28-04-2024,1958,47,Male,Home & Kitchen,3,366.08,1098.24
555,06-05-2024,1853,40,Male,Electronics,1,288.75,288.75
556,04-06-2024,1050,68,Male,Home & Kitchen,3,172.14,516.42
557,19-04-2024,1664,36,Female,Electronics,1,494.32,494.32
558,19-02-2024,1697,49,Female,Home & Kitchen,1,17.49,17.49
559,03-03-2024,1574,47,Female,Sports,5,130.06,650.3
560,14-01-2024,1189,46,Female,Beauty,3,262.44,787.32
561,11-01-2024,1124,66,Male,Home & Kitchen,4,263.37,1053.48
562,23-04-2024,1149,62,Male,Clothing,3,296.52,889.56
563,24-04-2024,1313,46,Female,Beauty,5,377.08,1885.4
564,12-02-2024,1569,47,Female,Beauty,1,313.62,313.62
565,10-04-2024,1341,33,Male,Home & Kitchen,5,302.14,1510.7
566,24-03-2024,1304,57,Male,Groceries,2,31.49,62.98
567,09-03-2024,1691,36,Female,Home & Kitchen,2,191.38,382.76
568,03-02-2024,1681,35,Female,Beauty,4,119.87,479.48
569,24-01-2024,1837,18,Female,Clothing,5,136.36,681.8
570,20-06-2024,1782,31,Female,Beauty,4,279.4,1117.6
571,07-02-2024,1053,68,Male,Clothing,4,103.76,415.04
572,08-04-2024,1443,64,Male,Electronics,2,150.5,301
573,18-02-2024,1612,67,Male,Sports,4,122.36,489.44
574,12-06-2024,1992,19,Female,Beauty,2,474.51,949.02
575,09-06-2024,1263,45,Female,Home & Kitchen,1,472.61,472.61
576,16-01-2024,1052,66,Male,Electronics,5,306.92,1534.6
577,13-06-2024,1571,67,Male,Sports,4,462.64,1850.56
578,12-04-2024,1619,47,Male,Home & Kitchen,2,393.98,787.96
579,25-04-2024,1004,55,Male,Groceries,3,297.02,891.06
580,13-05-2024,1102,68,Female,Home & Kitchen,4,8.19,32.76
581,24-06-2024,1195,21,Male,Clothing,1,387.4,387.4
582,02-04-2024,1773,18,Male,Clothing,1,352.73,352.73
583,02-02-2024,1876,25,Male,Groceries,3,309.55,928.65
584,25-03-2024,1991,46,Male,Electronics,2,381.41,762.82
585,14-05-2024,1883,56,Male,Sports,4,258.9,1035.6
586,10-06-2024,1349,20,Male,Home & Kitchen,2,353.52,707.04
587,04-04-2024,1046,49,Male,Clothing,1,467.91,467.91
588,09-02-2024,1866,27,Female,Electronics,2,191.02,382.04
589,16-06-2024,1822,27,Female,Groceries,1,355.52,355.52
590,03-02-2024,1935,36,Female,Beauty,2,240.47,480.94
591,25-03-2024,1819,63,Female,Clothing,3,338.83,1016.49
592,19-03-2024,1655,51,Male,Groceries,5,382.63,1913.15
593,18-06-2024,1268,50,Female,Home & Kitchen,3,27.5,82.5
594,03-02-2024,1369,40,Female,Sports,3,325.07,975.21
595,16-03-2024,1635,45,Male,Clothing,5,117.24,586.2
596,20-04-2024,1105,49,Male,Clothing,5,336.67,1683.35
597,25-03-2024,1669,67,Female,Home & Kitchen,4,236.82,947.28
598,29-04-2024,1658,24,Female,Beauty,4,387.91,1551.64
599,23-04-2024,1656,46,Male,Electronics,3,66.08,198.24
600,20-04-2024,1119,25,Female,Sports,3,315.03,945.09
601,12-04-2024,1830,18,Male,Clothing,1,142.84,142.84
602,22-01-2024,1786,20,Male,Sports,1,427.23,427.23
603,29-06-2024,1603,41,Male,Clothing,4,464.55,1858.2
604,04-02-2024,1057,40,Male,Sports,4,498.22,1992.88
605,01-06-2024,1950,25,Female,Groceries,1,399.02,399.02
606,15-05-2024,1345,64,Male,Clothing,1,378.1,378.1
607,11-04-2024,1740,54,Male,Sports,2,111.67,223.34
608,23-02-2024,1473,20,Female,Electronics,2,171.32,342.64
609,15-01-2024,1116,68,Male,Groceries,1,235.51,235.51
610,24-04-2024,1829,50,Female,Groceries,2,387.82,775.64
611,14-05-2024,1790,45,Female,Electronics,5,457.91,2289.55
612,11-03-2024,1126,64,Female,Sports,4,98.62,394.48
613,06-03-2024,1392,25,Male,Home & Kitchen,4,461.57,1846.28
614,05-05-2024,1907,51,Female,Electronics,1,349.33,349.33
615,28-03-2024,1640,52,Female,Sports,3,307.33,921.99
616,07-03-2024,1057,49,Male,Electronics,1,103.92,103.92
617,26-06-2024,1633,41,Female,Electronics,2,32.48,64.96
618,21-04-2024,1512,31,Female,Clothing,3,286.39,859.17
619,05-01-2024,1750,49,Female,Sports,2,327.5,655
620,24-02-2024,1801,63,Female,Home & Kitchen,5,109.34,546.7
621,16-02-2024,1095,60,Female,Clothing,2,280.45,560.9
622,08-03-2024,1637,33,Male,Electronics,5,428.96,2144.8
623,07-03-2024,1117,21,Female,Beauty,5,418.36,2091.8
624,22-03-2024,1559,69,Female,Electronics,2,464.04,928.08
625,31-05-2024,1600,54,Male,Electronics,2,186.11,372.22
626,19-04-2024,1487,38,Male,Sports,5,162.43,812.15
627,18-03-2024,1236,31,Male,Sports,3,375.97,1127.91
628,28-05-2024,1884,48,Female,Clothing,5,218.4,1092
629,25-06-2024,1896,65,Male,Home & Kitchen,4,48.34,193.36
630,30-01-2024,1271,35,Female,Clothing,5,144.99,724.95
631,25-01-2024,1188,24,Female,Groceries,3,212.2,636.6
632,14-05-2024,1998,27,Male,Electronics,4,149.8,599.2
633,28-06-2024,1703,24,Male,Beauty,1,169.44,169.44
634,26-06-2024,1446,50,Female,Electronics,1,150.42,150.42
635,29-04-2024,1580,40,Male,Electronics,3,25.54,76.62
636,26-01-2024,1789,38,Female,Clothing,5,320.36,1601.8
637,06-04-2024,1860,36,Male,Beauty,2,300.66,601.32
638,11-05-2024,1246,65,Male,Beauty,3,328.42,985.26
639,19-05-2024,1962,36,Male,Beauty,4,100.19,400.76
640,16-06-2024,1075,53,Female,Clothing,4,151.35,605.4
641,21-06-2024,1153,46,Male,Electronics,1,311.71,311.71
642,21-02-2024,1655,35,Female,Clothing,4,301.82,1207.28
643,15-04-2024,1434,19,Female,Sports,3,255.63,766.89
644,21-03-2024,1996,18,Female,Sports,4,178.45,713.8
645,15-04-2024,1085,64,Female,Clothing,3,456.9,1370.7
646,30-05-2024,1696,22,Male,Beauty,2,173.19,346.38
647,09-02-2024,1284,37,Female,Electronics,1,230.53,230.53
648,13-06-2024,1973,28,Female,Clothing,4,340.67,1362.68
649,16-03-2024,1219,59,Male,Clothing,3,273.8,821.4
650,05-01-2024,1068,19,Female,Clothing,5,176.71,883.55
651,13-06-2024,1046,20,Male,Groceries,1,220.64,220.64
652,09-06-2024,1093,40,Female,Sports,2,398.27,796.54
653,29-01-2024,1749,29,Male,Beauty,3,142.67,428.01
654,21-02-2024,1957,37,Female,Home & Kitchen,2,75.42,150.84
655,11-03-2024,1452,22,Male,Beauty,2,160.02,320.04
656,25-01-2024,1203,54,Female,Home & Kitchen,4,425.52,1702.08
657,09-02-2024,1911,55,Female,Groceries,4,49.05,196.2
658,03-01-2024,1217,47,Male,Clothing,3,495.89,1487.67
659,19-05-2024,1473,26,Male,Groceries,5,272.8,1364
660,13-01-2024,1431,51,Male,Groceries,3,492.5,1477.5
661,20-03-2024,1340,61,Male,Electronics,5,469.8,2349
662,19-05-2024,1550,52,Female,Sports,2,229.14,458.28
663,08-03-2024,1611,69,Female,Home & Kitchen,1,103.25,103.25
664,11-02-2024,1288,39,Male,Clothing,3,86.62,259.86
665,11-03-2024,1253,61,Female,Home & Kitchen,3,123.79,371.37
666,10-01-2024,1733,41,Male,Beauty,5,356.52,1782.6
667,16-05-2024,1356,34,Male,Home & Kitchen,2,140.11,280.22
668,25-01-2024,1022,27,Female,Beauty,2,174.01,348.02
669,14-04-2024,1761,47,Female,Sports,5,227.15,1135.75
670,05-02-2024,1521,63,Female,Beauty,2,457.05,914.1
671,31-05-2024,1757,40,Female,Home & Kitchen,4,98.75,395
672,23-03-2024,1836,49,Female,Home & Kitchen,1,7.49,7.49
673,13-06-2024,1099,34,Female,Beauty,3,34.75,104.25
674,05-03-2024,1801,67,Female,Groceries,1,452.86,452.86
675,05-01-2024,1179,68,Male,Sports,3,325.52,976.56
676,28-06-2024,1222,34,Male,Electronics,4,140.16,560.64
677,06-01-2024,1905,31,Male,Clothing,2,92.71,185.42
678,30-05-2024,1761,26,Male,Home & Kitchen,5,150.66,753.3
679,16-02-2024,1658,57,Male,Clothing,4,61.82,247.28
680,05-05-2024,1441,19,Female,Electronics,1,471.06,471.06
681,26-06-2024,1607,62,Male,Clothing,5,393.18,1965.9
682,18-03-2024,1768,42,Male,Electronics,2,233.88,467.76
683,04-01-2024,1324,56,Male,Beauty,4,433.16,1732.64
684,12-06-2024,1515,26,Male,Groceries,5,128.48,642.4
685,25-06-2024,1015,39,Male,Home & Kitchen,4,359.97,1439.88
686,25-03-2024,1791,60,Male,Electronics,4,428.79,1715.16
687,29-04-2024,1335,63,Male,Clothing,2,181.6,363.2
688,07-06-2024,1758,21,Female,Home & Kitchen,3,379.94,1139.82
689,09-06-2024,1257,43,Female,Groceries,5,151.06,755.3
690,15-03-2024,1496,46,Male,Beauty,2,152.93,305.86
691,15-02-2024,1987,62,Female,Home & Kitchen,4,57.99,231.96
692,04-05-2024,1895,51,Female,Electronics,2,222.83,445.66
693,07-01-2024,1159,40,Female,Groceries,3,366.21,1098.63
694,19-03-2024,1474,54,Female,Clothing,5,470.41,2352.05
695,02-02-2024,1851,28,Male,Groceries,3,303.88,911.64
696,09-06-2024,1663,23,Female,Groceries,1,432.25,432.25
697,14-03-2024,1907,35,Female,Sports,5,412.13,2060.65
698,19-03-2024,1689,38,Female,Groceries,3,90.8,272.4
699,31-01-2024,1674,59,Male,Groceries,4,245.48,981.92
700,07-04-2024,1379,53,Male,Home & Kitchen,5,62.88,314.4
701,28-03-2024,1544,58,Male,Clothing,5,342.67,1713.35
702,09-04-2024,1928,55,Male,Home & Kitchen,2,475.2,950.4
703,16-06-2024,1956,51,Male,Home & Kitchen,4,72.86,291.44
704,17-02-2024,1690,34,Male,Electronics,1,368.27,368.27
705,30-05-2024,1426,54,Male,Home & Kitchen,3,317.96,953.88
706,09-02-2024,1612,42,Female,Sports,2,293.88,587.76
707,01-01-2024,1267,55,Female,Sports,3,198.11,594.33
708,06-01-2024,1834,29,Female,Electronics,1,180.79,180.79
709,11-03-2024,1576,40,Male,Beauty,1,27.4,27.4
710,30-04-2024,1416,59,Male,Clothing,5,112.86,564.3
711,21-05-2024,1167,39,Male,Clothing,1,12.51,12.51
712,02-01-2024,1841,38,Male,Home & Kitchen,3,292.8,878.4
713,24-02-2024,1042,44,Male,Home & Kitchen,4,57.4,229.6
714,14-06-2024,1555,48,Female,Beauty,4,437.14,1748.56
715,22-06-2024,1284,23,Female,Home & Kitchen,5,263.96,1319.8
716,05-02-2024,1396,44,Male,Clothing,3,351.35,1054.05
717,17-06-2024,1011,57,Male,Groceries,3,208.37,625.11
718,06-06-2024,1606,51,Male,Sports,1,282.49,282.49
719,10-05-2024,1301,29,Male,Groceries,3,471.62,1414.86
720,27-04-2024,1897,62,Female,Groceries,2,45.95,91.9
721,04-03-2024,1252,24,Male,Clothing,1,130.7,130.7
722,12-01-2024,1498,27,Male,Groceries,2,391.09,782.18
723,17-05-2024,1753,62,Male,Beauty,5,53.87,269.35
724,26-01-2024,1034,34,Male,Electronics,4,42.45,169.8
725,19-05-2024,1726,43,Female,Home & Kitchen,5,183.96,919.8
726,31-05-2024,1848,38,Male,Electronics,4,50.62,202.48
727,10-05-2024,1089,45,Male,Sports,5,294.61,1473.05
728,04-04-2024,1775,63,Female,Home & Kitchen,3,117.01,351.03
729,12-01-2024,1604,19,Female,Groceries,2,448.37,896.74
730,17-01-2024,1921,60,Female,Sports,4,392.83,1571.32
731,15-04-2024,1969,18,Male,Home & Kitchen,1,351.35,351.35
732,07-02-2024,1601,68,Male,Beauty,2,310.39,620.78
733,24-06-2024,1417,53,Female,Beauty,1,432.42,432.42
734,02-04-2024,1114,68,Female,Beauty,2,115.42,230.84
735,13-04-2024,1616,43,Female,Beauty,2,437.19,874.38
736,26-01-2024,1902,46,Female,Groceries,5,395.8,1979
737,29-05-2024,1195,38,Female,Electronics,4,375.34,1501.36
738,02-04-2024,1825,28,Female,Home & Kitchen,4,282.82,1131.28
739,22-06-2024,1500,57,Male,Groceries,2,126.89,253.78
740,01-03-2024,1625,28,Male,Beauty,3,214.66,643.98
741,08-01-2024,1492,53,Male,Electronics,3,397.82,1193.46
742,14-03-2024,1074,66,Female,Sports,1,20.73,20.73
743,07-04-2024,1412,56,Female,Sports,1,392.12,392.12
744,11-05-2024,1375,57,Female,Sports,5,123.84,619.2
745,05-03-2024,1419,52,Female,Beauty,2,76.43,152.86
746,24-06-2024,1728,51,Female,Sports,1,62.27,62.27
747,21-03-2024,1276,64,Female,Clothing,1,18.49,18.49
748,09-05-2024,1760,41,Male,Home & Kitchen,2,264.18,528.36
749,08-01-2024,1675,39,Male,Home & Kitchen,5,113.04,565.2
750,08-05-2024,1393,22,Female,Beauty,1,494.77,494.77
751,01-03-2024,1868,50,Male,Clothing,5,289.35,1446.75
752,25-04-2024,1456,53,Female,Groceries,4,73.25,293
753,03-04-2024,1919,64,Male,Groceries,5,345.94,1729.7
754,07-04-2024,1191,37,Female,Sports,3,449.38,1348.14
755,29-06-2024,1738,36,Female,Electronics,3,373.86,1121.58
756,29-05-2024,1688,52,Male,Groceries,5,42.84,214.2
757,18-06-2024,1098,69,Male,Electronics,3,448.46,1345.38
758,10-05-2024,1547,60,Female,Home & Kitchen,4,398,1592
759,17-02-2024,1977,34,Female,Electronics,2,83.36,166.72
760,09-01-2024,1998,62,Male,Home & Kitchen,3,30.63,91.89
761,15-04-2024,1095,60,Male,Clothing,3,280.87,842.61
762,15-01-2024,1663,51,Female,Clothing,5,82.24,411.2
763,29-06-2024,1662,26,Male,Beauty,4,418.12,1672.48
764,19-03-2024,1189,43,Female,Beauty,2,182.38,364.76
765,22-01-2024,1735,19,Female,Sports,5,456.88,2284.4
766,10-03-2024,1036,26,Female,Groceries,5,285.02,1425.1
767,06-05-2024,1779,26,Female,Sports,4,95.42,381.68
768,10-02-2024,1368,57,Male,Home & Kitchen,2,74.1,148.2
769,03-02-2024,1694,34,Male,Sports,4,290.35,1161.4
770,02-04-2024,1524,18,Male,Electronics,2,382.13,764.26
771,07-06-2024,1278,42,Male,Home & Kitchen,4,391.85,1567.4
772,27-03-2024,1216,60,Male,Beauty,5,141.5,707.5
773,13-06-2024,1866,57,Male,Clothing,5,106.1,530.5
774,12-04-2024,1872,59,Male,Beauty,1,13.29,13.29
775,18-01-2024,1797,42,Female,Groceries,3,341.2,1023.6
776,13-01-2024,1272,56,Male,Home & Kitchen,4,42.9,171.6
777,08-03-2024,1880,52,Male,Home & Kitchen,1,213.28,213.28
778,15-01-2024,1061,20,Female,Electronics,3,302.83,908.49
779,17-06-2024,1595,67,Male,Groceries,4,468.87,1875.48
780,16-04-2024,1879,54,Male,Clothing,2,159.34,318.68
781,03-04-2024,1728,61,Female,Home & Kitchen,3,128.64,385.92
782,23-01-2024,1341,61,Male,Home & Kitchen,5,328.81,1644.05
783,01-04-2024,1396,68,Male,Electronics,1,311.52,311.52
784,01-04-2024,1698,47,Male,Sports,3,169.39,508.17
785,28-03-2024,1018,55,Female,Clothing,3,464.41,1393.23
786,17-04-2024,1176,51,Male,Beauty,5,423.21,2116.05
787,11-04-2024,1611,29,Male,Groceries,4,115.87,463.48
788,05-01-2024,1395,36,Female,Home & Kitchen,2,123.38,246.76
789,24-05-2024,1444,54,Male,Home & Kitchen,5,258.59,1292.95
790,07-02-2024,1232,61,Female,Beauty,2,387.92,775.84
791,07-02-2024,1914,66,Female,Clothing,4,26.8,107.2
792,18-03-2024,1075,34,Male,Sports,3,348.2,1044.6
793,04-03-2024,1264,27,Female,Home & Kitchen,2,325.88,651.76
794,30-05-2024,1454,66,Female,Clothing,1,119.58,119.58
795,01-05-2024,1795,64,Male,Beauty,1,342.27,342.27
796,10-03-2024,1717,29,Female,Electronics,5,470.39,2351.95
797,16-05-2024,1734,33,Female,Sports,4,28.16,112.64
798,01-01-2024,1383,41,Male,Groceries,5,163.23,816.15
799,08-01-2024,1563,36,Male,Home & Kitchen,5,221.9,1109.5
800,23-06-2024,1850,25,Male,Clothing,5,450.13,2250.65
801,09-01-2024,1505,48,Female,Electronics,1,481.32,481.32
802,21-02-2024,1366,38,Male,Groceries,1,224.84,224.84
803,31-03-2024,1143,34,Female,Clothing,5,376.26,1881.3
804,03-01-2024,1884,40,Female,Clothing,1,268.17,268.17
805,23-05-2024,1068,54,Female,Groceries,4,271.2,1084.8
806,11-06-2024,1098,33,Female,Electronics,5,142.66,713.3
807,03-06-2024,1395,23,Female,Beauty,1,112.39,112.39
808,03-04-2024,1024,25,Female,Electronics,2,147.56,295.12
809,28-05-2024,1947,42,Female,Sports,5,280.38,1401.9
810,31-05-2024,1890,35,Male,Home & Kitchen,5,19.43,97.15
811,09-06-2024,1468,42,Male,Groceries,4,454.09,1816.36
812,08-06-2024,1483,29,Female,Beauty,3,82.36,247.08
813,06-04-2024,1564,32,Female,Groceries,3,113.94,341.82
814,07-01-2024,1150,43,Male,Groceries,4,261.55,1046.2
815,22-01-2024,1143,58,Female,Electronics,4,356.51,1426.04
816,17-06-2024,1568,62,Male,Home & Kitchen,4,52.39,209.56
817,24-03-2024,1038,43,Male,Sports,3,162.26,486.78
818,22-01-2024,1108,64,Male,Clothing,4,484.49,1937.96
819,19-03-2024,1692,49,Female,Clothing,1,134.86,134.86
820,04-01-2024,1041,27,Female,Groceries,5,159.96,799.8
821,11-03-2024,1185,33,Male,Home & Kitchen,5,419.07,2095.35
822,29-06-2024,1934,24,Male,Beauty,2,29.86,59.72
823,30-05-2024,1397,34,Male,Electronics,2,234.98,469.96
824,23-06-2024,1222,40,Male,Home & Kitchen,5,192.91,964.55
825,05-02-2024,1633,43,Male,Home & Kitchen,1,161.71,161.71
826,03-03-2024,1132,38,Female,Electronics,3,146.42,439.26
827,15-01-2024,1162,39,Male,Groceries,3,50.23,150.69
828,13-01-2024,1214,24,Female,Home & Kitchen,1,160.84,160.84
829,18-05-2024,1732,31,Male,Clothing,3,26.31,78.93
830,27-03-2024,1234,32,Female,Electronics,4,391.58,1566.32
831,08-06-2024,1842,24,Female,Beauty,5,202.12,1010.6
832,16-06-2024,1657,26,Female,Sports,5,224.73,1123.65
833,13-03-2024,1750,68,Female,Groceries,1,447.33,447.33
834,12-04-2024,1587,65,Female,Electronics,3,330.74,992.22
835,22-05-2024,1008,25,Female,Sports,2,8.99,17.98
836,21-03-2024,1073,67,Male,Sports,2,471.87,943.74
837,23-03-2024,1953,40,Female,Beauty,3,122.39,367.17
838,01-05-2024,1491,46,Male,Home & Kitchen,2,58.27,116.54
839,24-03-2024,1912,35,Female,Beauty,1,385.22,385.22
840,19-01-2024,1252,48,Female,Home & Kitchen,1,252.74,252.74
841,24-06-2024,1229,47,Male,Home & Kitchen,3,219.72,659.16
842,11-04-2024,1518,69,Female,Electronics,2,128.5,257
843,07-01-2024,1173,56,Male,Electronics,1,276,276
844,10-06-2024,1652,52,Male,Groceries,1,140.82,140.82
845,12-05-2024,1167,35,Male,Home & Kitchen,4,451.28,1805.12
846,27-02-2024,1169,59,Male,Sports,4,111.53,446.12
847,11-01-2024,1392,56,Female,Clothing,1,442.76,442.76
848,08-04-2024,1945,34,Female,Groceries,3,281.91,845.73
849,26-03-2024,1794,31,Male,Electronics,5,415.1,2075.5
850,09-02-2024,1633,48,Female,Beauty,5,357.86,1789.3
851,30-01-2024,1193,41,Female,Groceries,1,349.86,349.86
852,15-06-2024,1516,52,Male,Groceries,1,165.55,165.55
853,04-04-2024,1028,61,Female,Groceries,1,120.78,120.78
854,07-03-2024,1164,62,Male,Groceries,3,109.39,328.17
855,31-05-2024,1421,51,Male,Clothing,4,429.31,1717.24
856,06-03-2024,1338,20,Female,Beauty,1,411.11,411.11
857,21-04-2024,1647,54,Female,Beauty,1,223.08,223.08
858,10-04-2024,1495,60,Female,Beauty,2,70.54,141.08
859,19-04-2024,1364,57,Male,Home & Kitchen,3,194.21,582.63
860,08-06-2024,1832,43,Male,Sports,1,311.58,311.58
861,21-06-2024,1341,40,Female,Beauty,2,229.93,459.86
862,23-04-2024,1499,61,Female,Groceries,5,391.19,1955.95
863,03-01-2024,1656,56,Female,Groceries,1,498.82,498.82
864,11-04-2024,1510,32,Female,Beauty,1,99.61,99.61
865,02-02-2024,1326,66,Male,Beauty,2,232.53,465.06
866,01-01-2024,1216,21,Female,Groceries,3,218.34,655.02
867,09-01-2024,1300,46,Male,Home & Kitchen,1,155.72,155.72
868,10-02-2024,1131,39,Male,Electronics,5,103.06,515.3
869,22-02-2024,1803,42,Female,Electronics,1,37.52,37.52
870,25-05-2024,1069,30,Female,Beauty,5,444.12,2220.6
871,17-04-2024,1251,35,Female,Clothing,4,212.83,851.32
872,14-06-2024,1414,50,Male,Beauty,4,250.96,1003.84
873,19-06-2024,1786,33,Female,Beauty,5,458.89,2294.45
874,22-03-2024,1444,62,Female,Electronics,3,389.26,1167.78
875,07-01-2024,1875,59,Male,Groceries,1,69.6,69.6
876,18-06-2024,1181,61,Female,Beauty,1,284.88,284.88
877,14-06-2024,1166,19,Male,Groceries,4,223.91,895.64
878,06-05-2024,1090,52,Female,Groceries,5,399.62,1998.1
879,25-06-2024,1713,59,Male,Clothing,1,363.5,363.5
880,23-02-2024,1857,51,Female,Groceries,1,346.75,346.75
881,27-05-2024,1530,47,Female,Electronics,3,173.57,520.71
882,23-01-2024,1038,30,Male,Home & Kitchen,2,403.46,806.92
883,10-03-2024,1125,30,Male,Home & Kitchen,4,30.93,123.72
884,26-06-2024,1450,35,Female,Sports,4,84.01,336.04
885,30-04-2024,1172,49,Male,Beauty,2,171.13,342.26
886,18-06-2024,1652,49,Male,Electronics,1,43.02,43.02
887,14-02-2024,1753,52,Male,Groceries,3,121.32,363.96
888,22-03-2024,1219,56,Male,Home & Kitchen,3,415.92,1247.76
889,08-05-2024,1637,63,Female,Electronics,4,474.38,1897.52
890,24-03-2024,1057,69,Female,Home & Kitchen,3,155.78,467.34
891,16-02-2024,1659,46,Male,Groceries,2,135.94,271.88
892,15-04-2024,1475,66,Male,Home & Kitchen,1,143.55,143.55
893,20-05-2024,1455,46,Male,Beauty,2,142.47,284.94
894,09-06-2024,1828,61,Male,Beauty,5,22.79,113.95
895,05-04-2024,1894,33,Female,Sports,4,463.82,1855.28
896,16-02-2024,1360,61,Female,Sports,3,110.78,332.34
897,14-02-2024,1934,64,Male,Home & Kitchen,5,212.9,1064.5
898,15-02-2024,1000,27,Male,Electronics,3,9.8,29.4
899,12-06-2024,1386,47,Male,Beauty,1,429.69,429.69
900,03-05-2024,1972,42,Female,Electronics,1,366.92,366.92
901,23-01-2024,1347,56,Male,Electronics,1,473.64,473.64
902,08-05-2024,1189,37,Female,Home & Kitchen,3,391.9,1175.7
903,22-01-2024,1504,22,Male,Electronics,5,160.28,801.4
904,05-06-2024,1190,18,Female,Beauty,1,127.7,127.7
905,03-05-2024,1507,47,Male,Groceries,5,350.37,1751.85
906,17-03-2024,1368,66,Female,Sports,3,185.24,555.72
907,12-05-2024,1408,20,Male,Groceries,5,285.28,1426.4
908,24-03-2024,1823,62,Male,Electronics,3,8.1,24.3
909,05-05-2024,1928,31,Male,Groceries,3,35.63,106.89
910,07-03-2024,1933,47,Female,Beauty,4,270.01,1080.04
911,16-04-2024,1116,67,Male,Beauty,3,285.21,855.63
912,26-05-2024,1133,21,Female,Electronics,3,376.97,1130.91
913,13-01-2024,1057,35,Female,Home & Kitchen,2,70.32,140.64
914,31-03-2024,1555,54,Male,Groceries,1,259.03,259.03
915,15-03-2024,1684,42,Male,Home & Kitchen,4,101.25,405
916,06-06-2024,1671,65,Male,Home & Kitchen,4,51.13,204.52
917,11-05-2024,1172,18,Female,Clothing,4,208.2,832.8
918,29-04-2024,1828,63,Male,Electronics,2,85.85,171.7
919,25-02-2024,1814,32,Female,Sports,3,114.78,344.34
920,13-04-2024,1148,26,Female,Beauty,1,162.19,162.19
921,13-02-2024,1079,32,Male,Beauty,5,133.4,667
922,22-05-2024,1885,66,Male,Electronics,3,48.36,145.08
923,29-02-2024,1212,41,Male,Sports,2,49.51,99.02
924,18-06-2024,1202,21,Male,Beauty,3,100.66,301.98
925,01-01-2024,1763,29,Male,Electronics,3,30.03,90.09
926,12-06-2024,1228,54,Male,Beauty,2,315.1,630.2
927,18-02-2024,1675,54,Female,Home & Kitchen,4,147.23,588.92
928,10-04-2024,1226,60,Female,Groceries,4,143.47,573.88
929,14-04-2024,1658,23,Female,Groceries,1,169.34,169.34
930,26-03-2024,1531,56,Male,Beauty,1,333.08,333.08
931,02-06-2024,1440,63,Female,Clothing,4,435.96,1743.84
932,15-02-2024,1401,41,Female,Sports,5,380.75,1903.75
933,29-04-2024,1046,28,Female,Sports,3,365.13,1095.39
934,06-05-2024,1232,30,Female,Sports,5,244.77,1223.85
935,27-01-2024,1304,51,Female,Home & Kitchen,3,348.43,1045.29
936,07-06-2024,1525,42,Male,Sports,4,278.62,1114.48
937,02-01-2024,1142,24,Male,Groceries,1,112.04,112.04
938,18-02-2024,1414,69,Female,Home & Kitchen,1,108.25,108.25
939,09-05-2024,1512,21,Female,Electronics,5,151.71,758.55
940,15-06-2024,1372,25,Female,Sports,1,455.85,455.85
941,21-04-2024,1565,37,Male,Sports,4,275.97,1103.88
942,02-02-2024,1885,46,Male,Electronics,5,368.28,1841.4
943,06-06-2024,1258,68,Female,Sports,3,176.55,529.65
944,19-04-2024,1655,62,Male,Electronics,1,206.82,206.82
945,13-06-2024,1470,63,Male,Home & Kitchen,2,67.15,134.3
946,28-06-2024,1952,27,Female,Groceries,1,89.79,89.79
947,20-01-2024,1970,60,Male,Electronics,3,414.54,1243.62
948,16-01-2024,1011,51,Male,Clothing,5,294.5,1472.5
949,03-01-2024,1329,43,Female,Electronics,3,172.08,516.24
950,04-04-2024,1735,58,Male,Sports,2,402.41,804.82
951,02-04-2024,1783,66,Male,Home & Kitchen,4,127.03,508.12
952,25-03-2024,1967,20,Female,Beauty,1,488.14,488.14
953,31-03-2024,1357,23,Male,Home & Kitchen,5,175.68,878.4
954,18-02-2024,1971,22,Male,Beauty,4,171.97,687.88
955,15-05-2024,1407,22,Female,Electronics,3,159.4,478.2
956,13-05-2024,1667,64,Female,Groceries,5,65.45,327.25
957,23-01-2024,1372,40,Female,Clothing,4,60.01,240.04
958,05-06-2024,1007,66,Male,Home & Kitchen,5,325.81,1629.05
959,01-06-2024,1121,26,Female,Sports,2,438.18,876.36
960,28-03-2024,1347,52,Male,Beauty,2,396.31,792.62
961,19-01-2024,1675,37,Female,Sports,1,74.85,74.85
962,27-03-2024,1089,66,Male,Groceries,1,275.06,275.06
963,18-05-2024,1647,59,Female,Beauty,2,57.27,114.54
964,23-05-2024,1697,52,Female,Home & Kitchen,5,27.42,137.1
965,14-03-2024,1315,67,Female,Electronics,2,329.91,659.82
966,13-06-2024,1177,35,Female,Sports,1,269.9,269.9
967,24-05-2024,1539,34,Male,Groceries,2,45.6,91.2
968,02-02-2024,1731,41,Female,Home & Kitchen,2,22.29,44.58
969,29-01-2024,1868,20,Female,Home & Kitchen,5,494.93,2474.65
970,04-02-2024,1040,49,Male,Home & Kitchen,4,19.86,79.44
971,30-04-2024,1739,52,Female,Home & Kitchen,1,225.04,225.04
972,11-04-2024,1703,55,Male,Beauty,5,254.79,1273.95
973,17-03-2024,1922,30,Female,Home & Kitchen,2,63.05,126.1
974,29-05-2024,1501,64,Female,Sports,2,88.69,177.38
975,29-02-2024,1958,42,Female,Groceries,4,179.14,716.56
976,28-05-2024,1144,26,Male,Beauty,1,382.03,382.03
977,04-06-2024,1200,21,Female,Home & Kitchen,1,256.01,256.01
978,08-04-2024,1928,31,Female,Clothing,3,320.76,962.28
979,14-06-2024,1723,54,Female,Clothing,1,492.66,492.66
980,22-01-2024,1460,51,Male,Groceries,4,385.16,1540.64
981,26-01-2024,1731,28,Male,Electronics,3,220.01,660.03
982,21-05-2024,1751,58,Female,Electronics,3,225.99,677.97
983,24-06-2024,1924,20,Male,Beauty,2,311.29,622.58
984,10-01-2024,1908,45,Female,Beauty,2,334.36,668.72
985,16-05-2024,1557,46,Female,Beauty,1,252.85,252.85
986,04-06-2024,1546,26,Female,Electronics,3,324.21,972.63
987,31-01-2024,1252,20,Female,Clothing,2,16.65,33.3
988,15-06-2024,1389,42,Female,Electronics,4,217.66,870.64
989,26-02-2024,1593,51,Female,Sports,2,143.07,286.14
990,11-01-2024,1882,29,Female,Home & Kitchen,2,68.94,137.88
991,30-04-2024,1255,59,Male,Beauty,3,54.28,162.84
992,19-01-2024,1708,26,Male,Clothing,3,303.58,910.74
993,05-03-2024,1814,32,Male,Groceries,5,264.18,1320.9
994,29-05-2024,1920,57,Male,Groceries,4,130.52,522.08
995,03-03-2024,1449,42,Male,Home & Kitchen,3,238.12,714.36
996,13-01-2024,1009,22,Male,Clothing,1,248.65,248.65
997,02-02-2024,1823,28,Male,Electronics,4,101.53,406.12
998,31-03-2024,1797,51,Female,Electronics,4,327.79,1311.16
999,21-06-2024,1241,41,Female,Sports,3,391.56,1174.68
1000,11-04-2024,1250,32,Female,Sports,4,396.77,1587.08
